<?xml version="1.0" encoding="utf-8"?>
<?qbxml version="7.0"?>
<QBXML>
<QBXMLMsgsRq onError="stopOnErrror">
<CustomerMsgQueryRq metaData="ENUMTYPE">
<!-- BEGIN OR -->
<ListID >IDTYPE</ListID> <!-- optional, may repeat -->
<!-- OR -->
<FullName >STRTYPE</FullName> <!-- optional, may repeat -->
<!-- OR -->
<MaxReturned >INTTYPE</MaxReturned> <!-- optional -->
<!-- ActiveStatus may have one of the following values: ActiveOnly [DEFAULT], InactiveOnly, All -->
<ActiveStatus >ENUMTYPE</ActiveStatus> <!-- optional -->
<FromModifiedDate >DATETIMETYPE</FromModifiedDate> <!-- optional -->
<ToModifiedDate >DATETIMETYPE</ToModifiedDate> <!-- optional -->
<!-- BEGIN OR -->
<NameFilter> <!-- optional -->
<!-- MatchCriterion may have one of the following values: StartsWith, Contains, EndsWith -->
<MatchCriterion >ENUMTYPE</MatchCriterion> <!-- required -->
<Name >STRTYPE</Name> <!-- required -->
</NameFilter>
<!-- OR -->
<NameRangeFilter> <!-- optional -->
<FromName >STRTYPE</FromName> <!-- optional -->
<ToName >STRTYPE</ToName> <!-- optional -->
</NameRangeFilter>
<!-- END OR -->
<!-- END OR -->
<IncludeRetElement >STRTYPE</IncludeRetElement> <!-- optional, may repeat -->
</CustomerMsgQueryRq>
<CustomerMsgQueryRs statusCode="INTTYPE" statusSeverity="STRTYPE" statusMessage="STRTYPE" retCount="INTTYPE">
<CustomerMsgRet> <!-- optional, may repeat -->
<ListID >IDTYPE</ListID> <!-- required -->
<TimeCreated >DATETIMETYPE</TimeCreated> <!-- required -->
<TimeModified >DATETIMETYPE</TimeModified> <!-- required -->
<EditSequence >STRTYPE</EditSequence> <!-- required -->
<Name >STRTYPE</Name> <!-- required -->
<IsActive >BOOLTYPE</IsActive> <!-- optional -->
</CustomerMsgRet>
</CustomerMsgQueryRs>
</QBXMLMsgsRq>
</QBXML>