<?xml version="1.0" encoding="utf-8"?>
<?qbxml version="7.0"?>
<QBXML>
<QBXMLMsgsRq onError="stopOnErrror">
<DataExtDefQueryRq metaData="ENUMTYPE">
<!-- BEGIN OR -->
<OwnerID >GUIDTYPE</OwnerID> <!-- optional, may repeat -->
<!-- OR -->
<!-- AssignToObject may have one of the following values: Account, ARRefundCreditCard, Bill, BillPaymentCheck, BillPaymentCreditCard, BuildAssembly, Charge, Check, Company, CreditCardCharge, CreditCardCredit, CreditMemo, Customer, Deposit, Employee, Estimate, InventoryAdjustment, Invoice, Item, ItemReceipt, JournalEntry, OtherName, PurchaseOrder, ReceivePayment, SalesOrder, SalesReceipt, SalesTaxPaymentCheck, Vendor, VendorCredit -->
<AssignToObject >ENUMTYPE</AssignToObject> <!-- optional, may repeat -->
<!-- END OR -->
<IncludeRetElement >STRTYPE</IncludeRetElement> <!-- optional, may repeat -->
</DataExtDefQueryRq>
<DataExtDefQueryRs statusCode="INTTYPE" statusSeverity="STRTYPE" statusMessage="STRTYPE" retCount="INTTYPE">
<DataExtDefRet> <!-- optional, may repeat -->
<OwnerID >GUIDTYPE</OwnerID> <!-- optional -->
<DataExtName >STRTYPE</DataExtName> <!-- required -->
<!-- DataExtType may have one of the following values: AMTTYPE, DATETIMETYPE, INTTYPE, PERCENTTYPE, PRICETYPE, QUANTYPE, STR1024TYPE, STR255TYPE -->
<DataExtType >ENUMTYPE</DataExtType> <!-- required -->
<!-- AssignToObject may have one of the following values: Account, ARRefundCreditCard, Bill, BillPaymentCheck, BillPaymentCreditCard, BuildAssembly, Charge, Check, Company, CreditCardCharge, CreditCardCredit, CreditMemo, Customer, Deposit, Employee, Estimate, InventoryAdjustment, Invoice, Item, ItemReceipt, JournalEntry, OtherName, PurchaseOrder, ReceivePayment, SalesOrder, SalesReceipt, SalesTaxPaymentCheck, Vendor, VendorCredit -->
<AssignToObject >ENUMTYPE</AssignToObject> <!-- optional, may repeat -->
</DataExtDefRet>
</DataExtDefQueryRs>
</QBXMLMsgsRq>
</QBXML>