<?xml version="1.0" encoding="utf-8"?>
<?qbxml version="7.0"?>
<QBXML>
<QBXMLMsgsRq onError="stopOnErrror">
<JournalEntryQueryRq metaData="ENUMTYPE" iterator="ENUMTYPE" iteratorID="UUIDTYPE">
<!-- BEGIN OR -->
<TxnID >IDTYPE</TxnID> <!-- optional, may repeat -->
<!-- OR -->
<RefNumber >STRTYPE</RefNumber> <!-- optional, may repeat -->
<!-- OR -->
<RefNumberCaseSensitive >STRTYPE</RefNumberCaseSensitive> <!-- optional, may repeat -->
<!-- OR -->
<MaxReturned >INTTYPE</MaxReturned> <!-- optional -->
<!-- BEGIN OR -->
<ModifiedDateRangeFilter> <!-- optional -->
<FromModifiedDate >DATETIMETYPE</FromModifiedDate> <!-- optional -->
<ToModifiedDate >DATETIMETYPE</ToModifiedDate> <!-- optional -->
</ModifiedDateRangeFilter>
<!-- OR -->
<TxnDateRangeFilter> <!-- optional -->
<!-- BEGIN OR -->
<FromTxnDate >DATETYPE</FromTxnDate> <!-- optional -->
<ToTxnDate >DATETYPE</ToTxnDate> <!-- optional -->
<!-- OR -->
<!-- DateMacro may have one of the following values: All, Today, ThisWeek, ThisWeekToDate, ThisMonth, ThisMonthToDate, ThisCalendarQuarter, ThisCalendarQuarterToDate, ThisFiscalQuarter, ThisFiscalQuarterToDate, ThisCalendarYear, ThisCalendarYearToDate, ThisFiscalYear, ThisFiscalYearToDate, Yesterday, LastWeek, LastWeekToDate, LastMonth, LastMonthToDate, LastCalendarQuarter, LastCalendarQuarterToDate, LastFiscalQuarter, LastFiscalQuarterToDate, LastCalendarYear, LastCalendarYearToDate, LastFiscalYear, LastFiscalYearToDate, NextWeek, NextFourWeeks, NextMonth, NextCalendarQuarter, NextCalendarYear, NextFiscalQuarter, NextFiscalYear -->
<DateMacro >ENUMTYPE</DateMacro> <!-- optional -->
<!-- END OR -->
</TxnDateRangeFilter>
<!-- END OR -->
<EntityFilter> <!-- optional -->
<!-- BEGIN OR -->
<ListID >IDTYPE</ListID> <!-- optional, may repeat -->
<!-- OR -->
<FullName >STRTYPE</FullName> <!-- optional, may repeat -->
<!-- OR -->
<ListIDWithChildren >IDTYPE</ListIDWithChildren> <!-- optional -->
<!-- OR -->
<FullNameWithChildren >STRTYPE</FullNameWithChildren> <!-- optional -->
<!-- END OR -->
</EntityFilter>
<AccountFilter> <!-- optional -->
<!-- BEGIN OR -->
<ListID >IDTYPE</ListID> <!-- optional, may repeat -->
<!-- OR -->
<FullName >STRTYPE</FullName> <!-- optional, may repeat -->
<!-- OR -->
<ListIDWithChildren >IDTYPE</ListIDWithChildren> <!-- optional -->
<!-- OR -->
<FullNameWithChildren >STRTYPE</FullNameWithChildren> <!-- optional -->
<!-- END OR -->
</AccountFilter>
<!-- BEGIN OR -->
<RefNumberFilter> <!-- optional -->
<!-- MatchCriterion may have one of the following values: StartsWith, Contains, EndsWith -->
<MatchCriterion >ENUMTYPE</MatchCriterion> <!-- required -->
<RefNumber >STRTYPE</RefNumber> <!-- required -->
</RefNumberFilter>
<!-- OR -->
<RefNumberRangeFilter> <!-- optional -->
<FromRefNumber >STRTYPE</FromRefNumber> <!-- optional -->
<ToRefNumber >STRTYPE</ToRefNumber> <!-- optional -->
</RefNumberRangeFilter>
<!-- END OR -->
<!-- END OR -->
<IncludeLineItems >BOOLTYPE</IncludeLineItems> <!-- optional -->
<IncludeRetElement >STRTYPE</IncludeRetElement> <!-- optional, may repeat -->
<OwnerID >GUIDTYPE</OwnerID> <!-- optional, may repeat -->
</JournalEntryQueryRq>
<JournalEntryQueryRs statusCode="INTTYPE" statusSeverity="STRTYPE" statusMessage="STRTYPE" retCount="INTTYPE" iteratorRemainingCount="INTTYPE" iteratorID="UUIDTYPE">
<JournalEntryRet> <!-- optional, may repeat -->
<TxnID >IDTYPE</TxnID> <!-- required -->
<TimeCreated >DATETIMETYPE</TimeCreated> <!-- required -->
<TimeModified >DATETIMETYPE</TimeModified> <!-- required -->
<EditSequence >STRTYPE</EditSequence> <!-- required -->
<TxnNumber >INTTYPE</TxnNumber> <!-- optional -->
<TxnDate >DATETYPE</TxnDate> <!-- required -->
<RefNumber >STRTYPE</RefNumber> <!-- optional -->
<IsAdjustment >BOOLTYPE</IsAdjustment> <!-- optional -->
<!-- BEGIN OR -->
<JournalDebitLine defMacro="MACROTYPE"> <!-- optional -->
<TxnLineID >IDTYPE</TxnLineID> <!-- optional -->
<AccountRef> <!-- optional -->
<ListID >IDTYPE</ListID> <!-- optional -->
<FullName >STRTYPE</FullName> <!-- optional -->
</AccountRef>
<Amount >AMTTYPE</Amount> <!-- optional -->
<Memo >STRTYPE</Memo> <!-- optional -->
<EntityRef> <!-- optional -->
<ListID >IDTYPE</ListID> <!-- optional -->
<FullName >STRTYPE</FullName> <!-- optional -->
</EntityRef>
<ClassRef> <!-- optional -->
<ListID >IDTYPE</ListID> <!-- optional -->
<FullName >STRTYPE</FullName> <!-- optional -->
</ClassRef>
<!-- BillableStatus may have one of the following values: Billable, NotBillable, HasBeenBilled -->
<BillableStatus >ENUMTYPE</BillableStatus> <!-- optional -->
</JournalDebitLine>
<!-- OR -->
<JournalCreditLine defMacro="MACROTYPE"> <!-- optional -->
<TxnLineID >IDTYPE</TxnLineID> <!-- optional -->
<AccountRef> <!-- optional -->
<ListID >IDTYPE</ListID> <!-- optional -->
<FullName >STRTYPE</FullName> <!-- optional -->
</AccountRef>
<Amount >AMTTYPE</Amount> <!-- optional -->
<Memo >STRTYPE</Memo> <!-- optional -->
<EntityRef> <!-- optional -->
<ListID >IDTYPE</ListID> <!-- optional -->
<FullName >STRTYPE</FullName> <!-- optional -->
</EntityRef>
<ClassRef> <!-- optional -->
<ListID >IDTYPE</ListID> <!-- optional -->
<FullName >STRTYPE</FullName> <!-- optional -->
</ClassRef>
<!-- BillableStatus may have one of the following values: Billable, NotBillable, HasBeenBilled -->
<BillableStatus >ENUMTYPE</BillableStatus> <!-- optional -->
</JournalCreditLine>
<!-- END OR -->
<DataExtRet> <!-- optional, may repeat -->
<OwnerID >GUIDTYPE</OwnerID> <!-- optional -->
<DataExtName >STRTYPE</DataExtName> <!-- required -->
<!-- DataExtType may have one of the following values: AMTTYPE, DATETIMETYPE, INTTYPE, PERCENTTYPE, PRICETYPE, QUANTYPE, STR1024TYPE, STR255TYPE -->
<DataExtType >ENUMTYPE</DataExtType> <!-- required -->
<DataExtValue >STRTYPE</DataExtValue> <!-- required -->
</DataExtRet>
</JournalEntryRet>
</JournalEntryQueryRs>
</QBXMLMsgsRq>
</QBXML>