<?xml version="1.0" encoding="utf-8"?>
<?qbxml version="7.0"?>
<QBXML>
<QBXMLMsgsRq onError="stopOnErrror">
<SalesReceiptQueryRq metaData="ENUMTYPE" iterator="ENUMTYPE" iteratorID="UUIDTYPE">
<!-- BEGIN OR -->
<TxnID >IDTYPE</TxnID> <!-- optional, may repeat -->
<!-- OR -->
<RefNumber >STRTYPE</RefNumber> <!-- optional, may repeat -->
<!-- OR -->
<RefNumberCaseSensitive >STRTYPE</RefNumberCaseSensitive> <!-- optional, may repeat -->
<!-- OR -->
<MaxReturned >INTTYPE</MaxReturned> <!-- optional -->
<!-- BEGIN OR -->
<ModifiedDateRangeFilter> <!-- optional -->
<FromModifiedDate >DATETIMETYPE</FromModifiedDate> <!-- optional -->
<ToModifiedDate >DATETIMETYPE</ToModifiedDate> <!-- optional -->
</ModifiedDateRangeFilter>
<!-- OR -->
<TxnDateRangeFilter> <!-- optional -->
<!-- BEGIN OR -->
<FromTxnDate >DATETYPE</FromTxnDate> <!-- optional -->
<ToTxnDate >DATETYPE</ToTxnDate> <!-- optional -->
<!-- OR -->
<!-- DateMacro may have one of the following values: All, Today, ThisWeek, ThisWeekToDate, ThisMonth, ThisMonthToDate, ThisCalendarQuarter, ThisCalendarQuarterToDate, ThisFiscalQuarter, ThisFiscalQuarterToDate, ThisCalendarYear, ThisCalendarYearToDate, ThisFiscalYear, ThisFiscalYearToDate, Yesterday, LastWeek, LastWeekToDate, LastMonth, LastMonthToDate, LastCalendarQuarter, LastCalendarQuarterToDate, LastFiscalQuarter, LastFiscalQuarterToDate, LastCalendarYear, LastCalendarYearToDate, LastFiscalYear, LastFiscalYearToDate, NextWeek, NextFourWeeks, NextMonth, NextCalendarQuarter, NextCalendarYear, NextFiscalQuarter, NextFiscalYear -->
<DateMacro >ENUMTYPE</DateMacro> <!-- optional -->
<!-- END OR -->
</TxnDateRangeFilter>
<!-- END OR -->
<EntityFilter> <!-- optional -->
<!-- BEGIN OR -->
<ListID >IDTYPE</ListID> <!-- optional, may repeat -->
<!-- OR -->
<FullName >STRTYPE</FullName> <!-- optional, may repeat -->
<!-- OR -->
<ListIDWithChildren >IDTYPE</ListIDWithChildren> <!-- optional -->
<!-- OR -->
<FullNameWithChildren >STRTYPE</FullNameWithChildren> <!-- optional -->
<!-- END OR -->
</EntityFilter>
<AccountFilter> <!-- optional -->
<!-- BEGIN OR -->
<ListID >IDTYPE</ListID> <!-- optional, may repeat -->
<!-- OR -->
<FullName >STRTYPE</FullName> <!-- optional, may repeat -->
<!-- OR -->
<ListIDWithChildren >IDTYPE</ListIDWithChildren> <!-- optional -->
<!-- OR -->
<FullNameWithChildren >STRTYPE</FullNameWithChildren> <!-- optional -->
<!-- END OR -->
</AccountFilter>
<!-- BEGIN OR -->
<RefNumberFilter> <!-- optional -->
<!-- MatchCriterion may have one of the following values: StartsWith, Contains, EndsWith -->
<MatchCriterion >ENUMTYPE</MatchCriterion> <!-- required -->
<RefNumber >STRTYPE</RefNumber> <!-- required -->
</RefNumberFilter>
<!-- OR -->
<RefNumberRangeFilter> <!-- optional -->
<FromRefNumber >STRTYPE</FromRefNumber> <!-- optional -->
<ToRefNumber >STRTYPE</ToRefNumber> <!-- optional -->
</RefNumberRangeFilter>
<!-- END OR -->
<!-- END OR -->
<IncludeLineItems >BOOLTYPE</IncludeLineItems> <!-- optional -->
<IncludeRetElement >STRTYPE</IncludeRetElement> <!-- optional, may repeat -->
<OwnerID >GUIDTYPE</OwnerID> <!-- optional, may repeat -->
</SalesReceiptQueryRq>
<SalesReceiptQueryRs statusCode="INTTYPE" statusSeverity="STRTYPE" statusMessage="STRTYPE" retCount="INTTYPE" iteratorRemainingCount="INTTYPE" iteratorID="UUIDTYPE">
<SalesReceiptRet> <!-- optional, may repeat -->
<TxnID >IDTYPE</TxnID> <!-- required -->
<TimeCreated >DATETIMETYPE</TimeCreated> <!-- required -->
<TimeModified >DATETIMETYPE</TimeModified> <!-- required -->
<EditSequence >STRTYPE</EditSequence> <!-- required -->
<TxnNumber >INTTYPE</TxnNumber> <!-- optional -->
<CustomerRef> <!-- optional -->
<ListID >IDTYPE</ListID> <!-- optional -->
<FullName >STRTYPE</FullName> <!-- optional -->
</CustomerRef>
<ClassRef> <!-- optional -->
<ListID >IDTYPE</ListID> <!-- optional -->
<FullName >STRTYPE</FullName> <!-- optional -->
</ClassRef>
<TemplateRef> <!-- optional -->
<ListID >IDTYPE</ListID> <!-- optional -->
<FullName >STRTYPE</FullName> <!-- optional -->
</TemplateRef>
<TxnDate >DATETYPE</TxnDate> <!-- required -->
<RefNumber >STRTYPE</RefNumber> <!-- optional -->
<BillAddress> <!-- optional -->
<Addr1 >STRTYPE</Addr1> <!-- optional -->
<Addr2 >STRTYPE</Addr2> <!-- optional -->
<Addr3 >STRTYPE</Addr3> <!-- optional -->
<Addr4 >STRTYPE</Addr4> <!-- optional -->
<Addr5 >STRTYPE</Addr5> <!-- optional -->
<City >STRTYPE</City> <!-- optional -->
<State >STRTYPE</State> <!-- optional -->
<PostalCode >STRTYPE</PostalCode> <!-- optional -->
<Country >STRTYPE</Country> <!-- optional -->
<Note >STRTYPE</Note> <!-- optional -->
</BillAddress>
<BillAddressBlock> <!-- optional -->
<Addr1 >STRTYPE</Addr1> <!-- optional -->
<Addr2 >STRTYPE</Addr2> <!-- optional -->
<Addr3 >STRTYPE</Addr3> <!-- optional -->
<Addr4 >STRTYPE</Addr4> <!-- optional -->
<Addr5 >STRTYPE</Addr5> <!-- optional -->
</BillAddressBlock>
<ShipAddress> <!-- optional -->
<Addr1 >STRTYPE</Addr1> <!-- optional -->
<Addr2 >STRTYPE</Addr2> <!-- optional -->
<Addr3 >STRTYPE</Addr3> <!-- optional -->
<Addr4 >STRTYPE</Addr4> <!-- optional -->
<Addr5 >STRTYPE</Addr5> <!-- optional -->
<City >STRTYPE</City> <!-- optional -->
<State >STRTYPE</State> <!-- optional -->
<PostalCode >STRTYPE</PostalCode> <!-- optional -->
<Country >STRTYPE</Country> <!-- optional -->
<Note >STRTYPE</Note> <!-- optional -->
</ShipAddress>
<ShipAddressBlock> <!-- optional -->
<Addr1 >STRTYPE</Addr1> <!-- optional -->
<Addr2 >STRTYPE</Addr2> <!-- optional -->
<Addr3 >STRTYPE</Addr3> <!-- optional -->
<Addr4 >STRTYPE</Addr4> <!-- optional -->
<Addr5 >STRTYPE</Addr5> <!-- optional -->
</ShipAddressBlock>
<IsPending >BOOLTYPE</IsPending> <!-- optional -->
<CheckNumber >STRTYPE</CheckNumber> <!-- optional -->
<PaymentMethodRef> <!-- optional -->
<ListID >IDTYPE</ListID> <!-- optional -->
<FullName >STRTYPE</FullName> <!-- optional -->
</PaymentMethodRef>
<DueDate >DATETYPE</DueDate> <!-- optional -->
<SalesRepRef> <!-- optional -->
<ListID >IDTYPE</ListID> <!-- optional -->
<FullName >STRTYPE</FullName> <!-- optional -->
</SalesRepRef>
<ShipDate >DATETYPE</ShipDate> <!-- optional -->
<ShipMethodRef> <!-- optional -->
<ListID >IDTYPE</ListID> <!-- optional -->
<FullName >STRTYPE</FullName> <!-- optional -->
</ShipMethodRef>
<FOB >STRTYPE</FOB> <!-- optional -->
<Subtotal >AMTTYPE</Subtotal> <!-- optional -->
<ItemSalesTaxRef> <!-- optional -->
<ListID >IDTYPE</ListID> <!-- optional -->
<FullName >STRTYPE</FullName> <!-- optional -->
</ItemSalesTaxRef>
<SalesTaxPercentage >PERCENTTYPE</SalesTaxPercentage> <!-- optional -->
<SalesTaxTotal >AMTTYPE</SalesTaxTotal> <!-- optional -->
<TotalAmount >AMTTYPE</TotalAmount> <!-- optional -->

<CurrencyRef> <!-- optional -->
<ListID >IDTYPE</ListID> <!-- optional -->
<FullName >STRTYPE</FullName> <!-- optional -->
</CurrencyRef>
<ExchangeRate >FLOATTYPE</ExchangeRate> <!-- optional -->
<TotalAmountInHomeCurrency >AMTTYPE</TotalAmountInHomeCurrency> <!-- optional -->

<Memo >STRTYPE</Memo> <!-- optional -->
<CustomerMsgRef> <!-- optional -->
<ListID >IDTYPE</ListID> <!-- optional -->
<FullName >STRTYPE</FullName> <!-- optional -->
</CustomerMsgRef>
<IsToBePrinted >BOOLTYPE</IsToBePrinted> <!-- optional -->
<IsToBeEmailed >BOOLTYPE</IsToBeEmailed> <!-- optional -->
<CustomerSalesTaxCodeRef> <!-- optional -->
<ListID >IDTYPE</ListID> <!-- optional -->
<FullName >STRTYPE</FullName> <!-- optional -->
</CustomerSalesTaxCodeRef>
<DepositToAccountRef> <!-- optional -->
<ListID >IDTYPE</ListID> <!-- optional -->
<FullName >STRTYPE</FullName> <!-- optional -->
</DepositToAccountRef>
<CreditCardTxnInfo> <!-- optional -->
<CreditCardTxnInputInfo> <!-- required -->
<CreditCardNumber >STRTYPE</CreditCardNumber> <!-- required -->
<ExpirationMonth >INTTYPE</ExpirationMonth> <!-- required -->
<ExpirationYear >INTTYPE</ExpirationYear> <!-- required -->
<NameOnCard >STRTYPE</NameOnCard> <!-- required -->
<CreditCardAddress >STRTYPE</CreditCardAddress> <!-- optional -->
<CreditCardPostalCode >STRTYPE</CreditCardPostalCode> <!-- optional -->
<CommercialCardCode >STRTYPE</CommercialCardCode> <!-- optional -->
<!-- TransactionMode may have one of the following values: CardNotPresent [DEFAULT], CardPresent -->
<TransactionMode >ENUMTYPE</TransactionMode> <!-- optional -->
<!-- CreditCardTxnType may have one of the following values: Authorization, Capture, Charge, Refund, VoiceAuthorization -->
<CreditCardTxnType >ENUMTYPE</CreditCardTxnType> <!-- optional -->
</CreditCardTxnInputInfo>
<CreditCardTxnResultInfo> <!-- required -->
<ResultCode >INTTYPE</ResultCode> <!-- required -->
<ResultMessage >STRTYPE</ResultMessage> <!-- required -->
<CreditCardTransID >STRTYPE</CreditCardTransID> <!-- required -->
<MerchantAccountNumber >STRTYPE</MerchantAccountNumber> <!-- required -->
<AuthorizationCode >STRTYPE</AuthorizationCode> <!-- optional -->
<!-- AVSStreet may have one of the following values: Pass, Fail, NotAvailable -->
<AVSStreet >ENUMTYPE</AVSStreet> <!-- optional -->
<!-- AVSZip may have one of the following values: Pass, Fail, NotAvailable -->
<AVSZip >ENUMTYPE</AVSZip> <!-- optional -->
<!-- CardSecurityCodeMatch may have one of the following values: Pass, Fail, NotAvailable -->
<CardSecurityCodeMatch >ENUMTYPE</CardSecurityCodeMatch> <!-- optional -->
<ReconBatchID >STRTYPE</ReconBatchID> <!-- optional -->
<PaymentGroupingCode >INTTYPE</PaymentGroupingCode> <!-- optional -->
<!-- PaymentStatus may have one of the following values: Unknown, Completed -->
<PaymentStatus >ENUMTYPE</PaymentStatus> <!-- required -->
<TxnAuthorizationTime >DATETIMETYPE</TxnAuthorizationTime> <!-- required -->
<TxnAuthorizationStamp >INTTYPE</TxnAuthorizationStamp> <!-- optional -->
<ClientTransID >STRTYPE</ClientTransID> <!-- optional -->
</CreditCardTxnResultInfo>
</CreditCardTxnInfo>
<Other >STRTYPE</Other> <!-- optional -->
<!-- BEGIN OR -->
<SalesReceiptLineRet> <!-- optional -->
<TxnLineID >IDTYPE</TxnLineID> <!-- required -->
<ItemRef> <!-- optional -->
<ListID >IDTYPE</ListID> <!-- optional -->
<FullName >STRTYPE</FullName> <!-- optional -->
</ItemRef>
<Desc >STRTYPE</Desc> <!-- optional -->
<Quantity >QUANTYPE</Quantity> <!-- optional -->
<UnitOfMeasure >STRTYPE</UnitOfMeasure> <!-- optional -->
<OverrideUOMSetRef> <!-- optional -->
<ListID >IDTYPE</ListID> <!-- optional -->
<FullName >STRTYPE</FullName> <!-- optional -->
</OverrideUOMSetRef>
<!-- BEGIN OR -->
<Rate >PRICETYPE</Rate> <!-- optional -->
<!-- OR -->
<RatePercent >PERCENTTYPE</RatePercent> <!-- optional -->
<!-- END OR -->
<ClassRef> <!-- optional -->
<ListID >IDTYPE</ListID> <!-- optional -->
<FullName >STRTYPE</FullName> <!-- optional -->
</ClassRef>
<Amount >AMTTYPE</Amount> <!-- optional -->
<InventorySiteRef> <!-- optional -->
<ListID >IDTYPE</ListID> <!-- optional -->
<FullName >STRTYPE</FullName> <!-- optional -->
</InventorySiteRef>
<!-- BEGIN OR -->
<SerialNumber >STRTYPE</SerialNumber> <!-- optional -->
<!-- OR -->
<LotNumber >STRTYPE</LotNumber> <!-- optional -->
<ServiceDate >DATETYPE</ServiceDate> <!-- optional -->
<SalesTaxCodeRef> <!-- optional -->
<ListID >IDTYPE</ListID> <!-- optional -->
<FullName >STRTYPE</FullName> <!-- optional -->
</SalesTaxCodeRef>
<Other1 >STRTYPE</Other1> <!-- optional -->
<Other2 >STRTYPE</Other2> <!-- optional -->
<CreditCardTxnInfo> <!-- optional -->
<CreditCardTxnInputInfo> <!-- required -->
<CreditCardNumber >STRTYPE</CreditCardNumber> <!-- required -->
<ExpirationMonth >INTTYPE</ExpirationMonth> <!-- required -->
<ExpirationYear >INTTYPE</ExpirationYear> <!-- required -->
<NameOnCard >STRTYPE</NameOnCard> <!-- required -->
<CreditCardAddress >STRTYPE</CreditCardAddress> <!-- optional -->
<CreditCardPostalCode >STRTYPE</CreditCardPostalCode> <!-- optional -->
<CommercialCardCode >STRTYPE</CommercialCardCode> <!-- optional -->
<!-- TransactionMode may have one of the following values: CardNotPresent [DEFAULT], CardPresent -->
<TransactionMode >ENUMTYPE</TransactionMode> <!-- optional -->
<!-- CreditCardTxnType may have one of the following values: Authorization, Capture, Charge, Refund, VoiceAuthorization -->
<CreditCardTxnType >ENUMTYPE</CreditCardTxnType> <!-- optional -->
</CreditCardTxnInputInfo>
<CreditCardTxnResultInfo> <!-- required -->
<ResultCode >INTTYPE</ResultCode> <!-- required -->
<ResultMessage >STRTYPE</ResultMessage> <!-- required -->
<CreditCardTransID >STRTYPE</CreditCardTransID> <!-- required -->
<MerchantAccountNumber >STRTYPE</MerchantAccountNumber> <!-- required -->
<AuthorizationCode >STRTYPE</AuthorizationCode> <!-- optional -->
<!-- AVSStreet may have one of the following values: Pass, Fail, NotAvailable -->
<AVSStreet >ENUMTYPE</AVSStreet> <!-- optional -->
<!-- AVSZip may have one of the following values: Pass, Fail, NotAvailable -->
<AVSZip >ENUMTYPE</AVSZip> <!-- optional -->
<!-- CardSecurityCodeMatch may have one of the following values: Pass, Fail, NotAvailable -->
<CardSecurityCodeMatch >ENUMTYPE</CardSecurityCodeMatch> <!-- optional -->
<ReconBatchID >STRTYPE</ReconBatchID> <!-- optional -->
<PaymentGroupingCode >INTTYPE</PaymentGroupingCode> <!-- optional -->
<!-- PaymentStatus may have one of the following values: Unknown, Completed -->
<PaymentStatus >ENUMTYPE</PaymentStatus> <!-- required -->
<TxnAuthorizationTime >DATETIMETYPE</TxnAuthorizationTime> <!-- required -->
<TxnAuthorizationStamp >INTTYPE</TxnAuthorizationStamp> <!-- optional -->
<ClientTransID >STRTYPE</ClientTransID> <!-- optional -->
</CreditCardTxnResultInfo>
</CreditCardTxnInfo>
<DataExtRet> <!-- optional, may repeat -->
<OwnerID >GUIDTYPE</OwnerID> <!-- optional -->
<DataExtName >STRTYPE</DataExtName> <!-- required -->
<!-- DataExtType may have one of the following values: AMTTYPE, DATETIMETYPE, INTTYPE, PERCENTTYPE, PRICETYPE, QUANTYPE, STR1024TYPE, STR255TYPE -->
<DataExtType >ENUMTYPE</DataExtType> <!-- required -->
<DataExtValue >STRTYPE</DataExtValue> <!-- required -->
</DataExtRet>
</SalesReceiptLineRet>
<!-- OR -->
<SalesReceiptLineGroupRet> <!-- optional -->
<TxnLineID >IDTYPE</TxnLineID> <!-- required -->
<ItemGroupRef> <!-- required -->
<ListID >IDTYPE</ListID> <!-- optional -->
<FullName >STRTYPE</FullName> <!-- optional -->
</ItemGroupRef>
<Desc >STRTYPE</Desc> <!-- optional -->
<Quantity >QUANTYPE</Quantity> <!-- optional -->
<UnitOfMeasure >STRTYPE</UnitOfMeasure> <!-- optional -->
<OverrideUOMSetRef> <!-- optional -->
<ListID >IDTYPE</ListID> <!-- optional -->
<FullName >STRTYPE</FullName> <!-- optional -->
</OverrideUOMSetRef>
<IsPrintItemsInGroup >BOOLTYPE</IsPrintItemsInGroup> <!-- required -->
<TotalAmount >AMTTYPE</TotalAmount> <!-- required -->
<SalesReceiptLineRet> <!-- optional, may repeat -->
<TxnLineID >IDTYPE</TxnLineID> <!-- required -->
<ItemRef> <!-- optional -->
<ListID >IDTYPE</ListID> <!-- optional -->
<FullName >STRTYPE</FullName> <!-- optional -->
</ItemRef>
<Desc >STRTYPE</Desc> <!-- optional -->
<Quantity >QUANTYPE</Quantity> <!-- optional -->
<UnitOfMeasure >STRTYPE</UnitOfMeasure> <!-- optional -->
<OverrideUOMSetRef> <!-- optional -->
<ListID >IDTYPE</ListID> <!-- optional -->
<FullName >STRTYPE</FullName> <!-- optional -->
</OverrideUOMSetRef>
<!-- BEGIN OR -->
<Rate >PRICETYPE</Rate> <!-- optional -->
<!-- OR -->
<RatePercent >PERCENTTYPE</RatePercent> <!-- optional -->
<!-- END OR -->
<ClassRef> <!-- optional -->
<ListID >IDTYPE</ListID> <!-- optional -->
<FullName >STRTYPE</FullName> <!-- optional -->
</ClassRef>
<Amount >AMTTYPE</Amount> <!-- optional -->
<ServiceDate >DATETYPE</ServiceDate> <!-- optional -->
<SalesTaxCodeRef> <!-- optional -->
<ListID >IDTYPE</ListID> <!-- optional -->
<FullName >STRTYPE</FullName> <!-- optional -->
</SalesTaxCodeRef>
<Other1 >STRTYPE</Other1> <!-- optional -->
<Other2 >STRTYPE</Other2> <!-- optional -->
<CreditCardTxnInfo> <!-- optional -->
<CreditCardTxnInputInfo> <!-- required -->
<CreditCardNumber >STRTYPE</CreditCardNumber> <!-- required -->
<ExpirationMonth >INTTYPE</ExpirationMonth> <!-- required -->
<ExpirationYear >INTTYPE</ExpirationYear> <!-- required -->
<NameOnCard >STRTYPE</NameOnCard> <!-- required -->
<CreditCardAddress >STRTYPE</CreditCardAddress> <!-- optional -->
<CreditCardPostalCode >STRTYPE</CreditCardPostalCode> <!-- optional -->
<CommercialCardCode >STRTYPE</CommercialCardCode> <!-- optional -->
<!-- TransactionMode may have one of the following values: CardNotPresent [DEFAULT], CardPresent -->
<TransactionMode >ENUMTYPE</TransactionMode> <!-- optional -->
<!-- CreditCardTxnType may have one of the following values: Authorization, Capture, Charge, Refund, VoiceAuthorization -->
<CreditCardTxnType >ENUMTYPE</CreditCardTxnType> <!-- optional -->
</CreditCardTxnInputInfo>
<CreditCardTxnResultInfo> <!-- required -->
<ResultCode >INTTYPE</ResultCode> <!-- required -->
<ResultMessage >STRTYPE</ResultMessage> <!-- required -->
<CreditCardTransID >STRTYPE</CreditCardTransID> <!-- required -->
<MerchantAccountNumber >STRTYPE</MerchantAccountNumber> <!-- required -->
<AuthorizationCode >STRTYPE</AuthorizationCode> <!-- optional -->
<!-- AVSStreet may have one of the following values: Pass, Fail, NotAvailable -->
<AVSStreet >ENUMTYPE</AVSStreet> <!-- optional -->
<!-- AVSZip may have one of the following values: Pass, Fail, NotAvailable -->
<AVSZip >ENUMTYPE</AVSZip> <!-- optional -->
<!-- CardSecurityCodeMatch may have one of the following values: Pass, Fail, NotAvailable -->
<CardSecurityCodeMatch >ENUMTYPE</CardSecurityCodeMatch> <!-- optional -->
<ReconBatchID >STRTYPE</ReconBatchID> <!-- optional -->
<PaymentGroupingCode >INTTYPE</PaymentGroupingCode> <!-- optional -->
<!-- PaymentStatus may have one of the following values: Unknown, Completed -->
<PaymentStatus >ENUMTYPE</PaymentStatus> <!-- required -->
<TxnAuthorizationTime >DATETIMETYPE</TxnAuthorizationTime> <!-- required -->
<TxnAuthorizationStamp >INTTYPE</TxnAuthorizationStamp> <!-- optional -->
<ClientTransID >STRTYPE</ClientTransID> <!-- optional -->
</CreditCardTxnResultInfo>
</CreditCardTxnInfo>
<DataExtRet> <!-- optional, may repeat -->
<OwnerID >GUIDTYPE</OwnerID> <!-- optional -->
<DataExtName >STRTYPE</DataExtName> <!-- required -->
<!-- DataExtType may have one of the following values: AMTTYPE, DATETIMETYPE, INTTYPE, PERCENTTYPE, PRICETYPE, QUANTYPE, STR1024TYPE, STR255TYPE -->
<DataExtType >ENUMTYPE</DataExtType> <!-- required -->
<DataExtValue >STRTYPE</DataExtValue> <!-- required -->
</DataExtRet>
</SalesReceiptLineRet>
<DataExtRet> <!-- optional, may repeat -->
<OwnerID >GUIDTYPE</OwnerID> <!-- optional -->
<DataExtName >STRTYPE</DataExtName> <!-- required -->
<!-- DataExtType may have one of the following values: AMTTYPE, DATETIMETYPE, INTTYPE, PERCENTTYPE, PRICETYPE, QUANTYPE, STR1024TYPE, STR255TYPE -->
<DataExtType >ENUMTYPE</DataExtType> <!-- required -->
<DataExtValue >STRTYPE</DataExtValue> <!-- required -->
</DataExtRet>
</SalesReceiptLineGroupRet>
<!-- END OR -->
<DataExtRet> <!-- optional, may repeat -->
<OwnerID >GUIDTYPE</OwnerID> <!-- optional -->
<DataExtName >STRTYPE</DataExtName> <!-- required -->
<!-- DataExtType may have one of the following values: AMTTYPE, DATETIMETYPE, INTTYPE, PERCENTTYPE, PRICETYPE, QUANTYPE, STR1024TYPE, STR255TYPE -->
<DataExtType >ENUMTYPE</DataExtType> <!-- required -->
<DataExtValue >STRTYPE</DataExtValue> <!-- required -->
</DataExtRet>
</SalesReceiptRet>
</SalesReceiptQueryRs>
</QBXMLMsgsRq>
</QBXML>