<?xml version="1.0" encoding="utf-8"?>
<?qbxml version="7.0"?>
<QBXML>
<QBXMLMsgsRq onError="stopOnErrror">
<TermsQueryRq metaData="ENUMTYPE">
<!-- BEGIN OR -->
<ListID >IDTYPE</ListID> <!-- optional, may repeat -->
<!-- OR -->
<FullName >STRTYPE</FullName> <!-- optional, may repeat -->
<!-- OR -->
<MaxReturned >INTTYPE</MaxReturned> <!-- optional -->
<!-- ActiveStatus may have one of the following values: ActiveOnly [DEFAULT], InactiveOnly, All -->
<ActiveStatus >ENUMTYPE</ActiveStatus> <!-- optional -->
<FromModifiedDate >DATETIMETYPE</FromModifiedDate> <!-- optional -->
<ToModifiedDate >DATETIMETYPE</ToModifiedDate> <!-- optional -->
<!-- BEGIN OR -->
<NameFilter> <!-- optional -->
<!-- MatchCriterion may have one of the following values: StartsWith, Contains, EndsWith -->
<MatchCriterion >ENUMTYPE</MatchCriterion> <!-- required -->
<Name >STRTYPE</Name> <!-- required -->
</NameFilter>
<!-- OR -->
<NameRangeFilter> <!-- optional -->
<FromName >STRTYPE</FromName> <!-- optional -->
<ToName >STRTYPE</ToName> <!-- optional -->
</NameRangeFilter>
<!-- END OR -->
<!-- END OR -->
<IncludeRetElement >STRTYPE</IncludeRetElement> <!-- optional, may repeat -->
</TermsQueryRq>
<TermsQueryRs statusCode="INTTYPE" statusSeverity="STRTYPE" statusMessage="STRTYPE" retCount="INTTYPE">
<!-- BEGIN OR -->

	<StandardTermsRet> <!-- optional -->
		<ListID >IDTYPE</ListID> <!-- required -->
		<TimeCreated >DATETIMETYPE</TimeCreated> <!-- required -->
		<TimeModified >DATETIMETYPE</TimeModified> <!-- required -->
		<EditSequence >STRTYPE</EditSequence> <!-- required -->
		<Name >STRTYPE</Name> <!-- required -->
		<IsActive >BOOLTYPE</IsActive> <!-- optional -->
		<StdDueDays >INTTYPE</StdDueDays> <!-- optional -->
		<StdDiscountDays >INTTYPE</StdDiscountDays> <!-- optional -->
		<DiscountPct >PERCENTTYPE</DiscountPct> <!-- optional -->
	</StandardTermsRet>
	
<!-- OR -->
	<DateDrivenTermsRet> <!-- optional -->
		<ListID >IDTYPE</ListID> <!-- required -->
		<TimeCreated >DATETIMETYPE</TimeCreated> <!-- required -->
		<TimeModified >DATETIMETYPE</TimeModified> <!-- required -->
		<EditSequence >STRTYPE</EditSequence> <!-- required -->
		<Name >STRTYPE</Name> <!-- required -->
		<IsActive >BOOLTYPE</IsActive> <!-- optional -->
		<DayOfMonthDue >INTTYPE</DayOfMonthDue> <!-- required -->
		<DueNextMonthDays >INTTYPE</DueNextMonthDays> <!-- optional -->
		<DiscountDayOfMonth >INTTYPE</DiscountDayOfMonth> <!-- optional -->
		<DiscountPct >PERCENTTYPE</DiscountPct> <!-- optional -->
	</DateDrivenTermsRet>
	
<!-- END OR -->
</TermsQueryRs>
</QBXMLMsgsRq>
</QBXML>